{"cameraMode":{"drawMode":0,"name":"Shaded","section":"Shading Mode"},"sceneLighting":false,"audioPlay":false,"sceneViewState":{"m_AlwaysRefresh":false,"showFog":true,"showSkybox":false,"showFlares":true,"showImageEffects":true,"showParticleSystems":true,"showVisualEffectGraphs":true,"m_FxEnabled":true},"in2DMode":false,"pivot":{"x":0.08485221862792969,"y":2.0714240074157717,"z":0.5152730941772461},"rotation":{"x":0.007256326265633106,"y":-0.9324040412902832,"z":0.360906183719635,"w":0.018750492483377458},"size":3.6489875316619875,"orthographic":false}