{"cameraMode":{"drawMode":0,"name":"Shaded","section":"Shading Mode"},"sceneLighting":false,"audioPlay":false,"sceneViewState":{"m_AlwaysRefresh":false,"showFog":true,"showSkybox":false,"showFlares":true,"showImageEffects":true,"showParticleSystems":true,"showVisualEffectGraphs":true,"m_FxEnabled":true},"in2DMode":false,"pivot":{"x":-0.04798032343387604,"y":1.112205147743225,"z":0.32227158546447756},"rotation":{"x":-0.0009918870637193323,"y":-0.9989362359046936,"z":0.025789419189095498,"w":-0.03837065026164055},"size":1.2247449159622193,"orthographic":false}